team,player,position,performance_score
"Armenia","Arsen Beglaryan","GK",45
"Armenia","Georgi Harutyunyan","DEF",48
"Armenia","Hovhannes Harutyunyan","MID",47
"Armenia","Kamo Hovhannisyan","MID",77
"Armenia","Karen Muradyan","MID",64
"Armenia","Sergei Muradyan","DEF",77
"Armenia","Styopa Mkrtchyan","DEF",42
"Armenia","Tigran Barseghyan","FWD",21
"Armenia","Uguchukwu Iwu","MID",72
"Armenia","Wahan Biczachczian","MID",46
"Armenia","Zhirayr Shaghoyan","FWD",0
"Belarus","Alyaksandr Martynovich","DEF",
"Belarus","Evgeniy Yablonskiy","MID",36
"Belarus","Fyodor Lapoukhov","GK",41
"Belarus","Hierman Barkoŭski","FWD",59
"Belarus","Jahor Parchomienka","DEF",63
"Belarus","Jaŭhien Małaševič","MID",17
"Belarus","Kiryl Pyachenin","DEF",75
"Belarus","Maks Ebonh","MID",39
"Belarus","Mikita Dziemčanka","MID",68
"Belarus","Nikita Korzun","MID",8
"Belarus","Trafim Mielničenka","FWD",8
"Belarus","Uladzislaŭ Kalinin","MID",63
"Belarus","Vadzim Pihas","DEF",39
"Belarus","Yegor Khvalko","DEF",48
"Bulgaria","Andrian Kraev","MID",66
"Bulgaria","Georgi Rusev","MID",47
"Bulgaria","Hristiyan Petrov","DEF",58
"Bulgaria","Kristiyan Stoyanov","MID",63
"Bulgaria","Nikolay Minkov","FWD",29
"Bulgaria","Radoslav Kirilov","MID",49
"Bulgaria","Rosen Bozhinov","DEF",36
"Bulgaria","Svetoslav Vutsov","GK",34
"Bulgaria","Zdravko Dimitrov","MID",61
"Estonia","Ioan Jakovlev","MID",35
"Estonia","Kevor Palumets","MID",72
"Estonia","Rauno Sappinen","FWD",74
"Estonia","Robi Saarma","MID",35
"Estonia","Vlasiy Sinyavskiy","MID",80
"Faroe Islands","Andrias Edmundsson","DEF",65
"Faroe Islands","Árni Frederiksberg","FWD",78
"Faroe Islands","Geza David Turi","MID",0
"Faroe Islands","Gunnar Vatnhamar","DEF",81
"Faroe Islands","Hallur Hansson","MID",37
"Faroe Islands","Hanus Sørensen","FWD",77
"Faroe Islands","Jákup Andreasen","MID",18
"Faroe Islands","Jóannes Danielsen","MID",58
"Faroe Islands","Odmar Færø","DEF",79
"Faroe Islands","René Joensen","MID",50
"Finland","Jere Uronen","DEF",45
"Finland","Nikolai Alho","DEF",65
"Georgia","Aleksandre Narimanidze","MID",55
"Georgia","Anzor Mekvabishvili","MID",
"Georgia","Davit Kereselidze","MID",
"Georgia","Guram Kashia","MID",
"Gibraltar","Ayoub El Hmidi","FWD",48
"Gibraltar","Graeme Torilla","MID",69
"Gibraltar","Jaylan Hankins","GK",30
"Gibraltar","Tjay De Barr","MID",75
"Greece","Vangelis Pavlidis","FWD",62
"Israel","Anan Khalaili","MID",17
"Israel","Dan Bitton","FWD",78
"Israel","Dor Peretz","MID",43
"Israel","Dor Turgeman","FWD",69
"Israel","Eli Dasa","DEF",68
"Israel","Eliel Peretz","MID",45
"Israel","Idan Nachmias","DEF",53
"Israel","Manor Solomon","MID",59
"Israel","Mohammad Abu Fani","MID",17
"Israel","Omri Glazer","GK",40
"Israel","Or Blorian","DEF",20
"Israel","Raz Shlomo","DEF",57
"Israel","Roy Revivo","DEF",80
"Israel","Stav Lemkin","DEF",63
"Israel","Tai Baribo","FWD",58
"Latvia","Aleksejs Saveljevs","MID",74
"Latvia","Alvis Jaunzems","DEF",69
"Latvia","Andrejs Ciganiks","DEF",70
"Latvia","Antonijs Černomordijs","DEF",67
"Latvia","Daniels Balodis","DEF",66
"Latvia","Deniss Melniks","DEF",33
"Latvia","Dmitrijs Zelenkovs","MID",81
"Latvia","Eduards Daškevičs","MID",66
"Latvia","Krišjānis Zviedris","GK",38
"Latvia","Lūkass Vapne","MID",53
"Latvia","Raivis Andris Jurkovskis","DEF",48
"Latvia","Renārs Varslavāns","MID",56
"Latvia","Vitālijs Jagodinskis","DEF",32
"Latvia","Vladislavs Gutkovskis","FWD",77
"Lithuania","Armandas Kučys","FWD",47
"Lithuania","Artemijus Tutyškinas","DEF",61
"Lithuania","Gratas Sirgėdas","MID",35
"Lithuania","Gytis Paulauskas","FWD",9
"Lithuania","Justas Lasickas","MID",81
"Lithuania","Kipras Kažukolovas","DEF",61
"Lithuania","Klaudijus Upstas","DEF",47
"Lithuania","Modestas Vorobjovas","MID",0
"Lithuania","Paulius Golubickas","MID",54
"Lithuania","Pijus Širvys","DEF",73
"Lithuania","Tomas Kalinauskas","MID",19
"Lithuania","Tomas Švedkauskas","GK",19
"Lithuania","Vilius Armalas","DEF",44
"Lithuania","Vincentas Šarkauskas","GK",39
"Poland","Piotr Zieliński","MID",70
"San Marino","Marcello Mularoni","MID",69
"Slovakia","Matúš Bero","MID",78
"Slovenia","Andraž Šporar","FWD",8
"Slovenia","Svit Sešlar","MID",31
"Slovenia","Timi Elšnik","MID",76
